Epoch: [0][0/596], lr: 0.0002500	Time 14.672 (14.672)	Loss 4.5956 (4.5956)	Loss_h 4.6282 (4.6282)	Prec@1 0.000 (0.000)	
Epoch: [0][20/596], lr: 0.0002500	Time 0.543 (1.223)	Loss 4.5978 (4.6137)	Loss_h 4.5790 (4.6105)	Prec@1 0.000 (1.786)	
Epoch: [0][40/596], lr: 0.0002500	Time 0.548 (0.890)	Loss 4.6086 (4.6087)	Loss_h 4.5365 (4.5932)	Prec@1 0.000 (1.220)	
Epoch: [0][60/596], lr: 0.0002500	Time 0.553 (0.774)	Loss 4.5056 (4.5981)	Loss_h 4.5077 (4.5749)	Prec@1 6.250 (1.537)	
Epoch: [0][80/596], lr: 0.0002500	Time 0.556 (0.717)	Loss 4.4919 (4.5849)	Loss_h 4.4238 (4.5539)	Prec@1 18.750 (3.009)	
Epoch: [0][100/596], lr: 0.0002500	Time 0.556 (0.681)	Loss 4.4694 (4.5698)	Loss_h 4.6007 (4.5397)	Prec@1 12.500 (4.022)	
Epoch: [0][120/596], lr: 0.0002500	Time 0.557 (0.657)	Loss 4.4050 (4.5439)	Loss_h 4.3756 (4.5258)	Prec@1 12.500 (5.320)	
Epoch: [0][140/596], lr: 0.0002500	Time 0.565 (0.640)	Loss 4.2633 (4.4990)	Loss_h 4.4432 (4.5076)	Prec@1 12.500 (7.402)	
Epoch: [0][160/596], lr: 0.0002500	Time 0.555 (0.627)	Loss 3.4423 (4.4058)	Loss_h 4.4073 (4.4835)	Prec@1 31.250 (10.287)	
Epoch: [0][180/596], lr: 0.0002500	Time 0.528 (0.616)	Loss 1.6390 (4.2091)	Loss_h 4.2623 (4.4645)	Prec@1 75.000 (14.192)	
Epoch: [0][200/596], lr: 0.0002500	Time 0.531 (0.607)	Loss 1.6113 (3.9368)	Loss_h 4.4122 (4.4415)	Prec@1 68.750 (19.341)	
Epoch: [0][220/596], lr: 0.0002500	Time 0.556 (0.601)	Loss 1.0482 (3.6812)	Loss_h 4.1303 (4.4247)	Prec@1 81.250 (23.840)	
Epoch: [0][240/596], lr: 0.0002500	Time 0.540 (0.596)	Loss 0.6700 (3.4553)	Loss_h 4.4331 (4.4069)	Prec@1 87.500 (28.086)	
Epoch: [0][260/596], lr: 0.0002500	Time 0.557 (0.592)	Loss 0.4678 (3.2663)	Loss_h 4.1093 (4.3936)	Prec@1 87.500 (31.729)	
Epoch: [0][280/596], lr: 0.0002500	Time 0.521 (0.588)	Loss 0.6449 (3.0978)	Loss_h 4.2311 (4.3756)	Prec@1 75.000 (34.786)	
Epoch: [0][300/596], lr: 0.0002500	Time 0.542 (0.585)	Loss 2.0558 (2.9444)	Loss_h 4.2712 (4.3603)	Prec@1 50.000 (37.687)	
Epoch: [0][320/596], lr: 0.0002500	Time 0.553 (0.582)	Loss 1.2039 (2.8079)	Loss_h 3.8557 (4.3458)	Prec@1 68.750 (40.148)	
Epoch: [0][340/596], lr: 0.0002500	Time 0.513 (0.579)	Loss 0.9117 (2.6852)	Loss_h 4.5641 (4.3324)	Prec@1 75.000 (42.449)	
Epoch: [0][360/596], lr: 0.0002500	Time 0.550 (0.577)	Loss 0.7518 (2.5741)	Loss_h 3.7205 (4.3220)	Prec@1 75.000 (44.650)	
Epoch: [0][380/596], lr: 0.0002500	Time 0.526 (0.575)	Loss 0.8323 (2.4642)	Loss_h 4.3570 (4.3083)	Prec@1 75.000 (46.785)	
Epoch: [0][400/596], lr: 0.0002500	Time 0.512 (0.573)	Loss 0.4953 (2.3732)	Loss_h 3.9182 (4.2959)	Prec@1 87.500 (48.519)	
Epoch: [0][420/596], lr: 0.0002500	Time 0.548 (0.571)	Loss 0.8354 (2.2822)	Loss_h 3.4230 (4.2769)	Prec@1 87.500 (50.327)	
Epoch: [0][440/596], lr: 0.0002500	Time 0.545 (0.570)	Loss 0.8723 (2.1992)	Loss_h 4.1180 (4.2605)	Prec@1 75.000 (52.083)	
Epoch: [0][460/596], lr: 0.0002500	Time 0.542 (0.569)	Loss 0.4679 (2.1268)	Loss_h 3.9399 (4.2480)	Prec@1 93.750 (53.484)	
Epoch: [0][480/596], lr: 0.0002500	Time 0.516 (0.567)	Loss 0.4984 (2.0599)	Loss_h 4.1814 (4.2335)	Prec@1 75.000 (54.756)	
Epoch: [0][500/596], lr: 0.0002500	Time 0.553 (0.566)	Loss 0.3672 (1.9954)	Loss_h 3.9461 (4.2223)	Prec@1 93.750 (56.125)	
Epoch: [0][520/596], lr: 0.0002500	Time 0.592 (0.565)	Loss 1.1164 (1.9332)	Loss_h 4.0642 (4.2134)	Prec@1 81.250 (57.390)	
Epoch: [0][540/596], lr: 0.0002500	Time 0.557 (0.564)	Loss 0.3589 (1.8745)	Loss_h 4.0262 (4.1988)	Prec@1 87.500 (58.595)	
Epoch: [0][560/596], lr: 0.0002500	Time 0.517 (0.563)	Loss 0.8087 (1.8241)	Loss_h 3.7823 (4.1881)	Prec@1 81.250 (59.603)	
Epoch: [0][580/596], lr: 0.0002500	Time 0.529 (0.562)	Loss 0.3189 (1.7761)	Loss_h 4.3040 (4.1777)	Prec@1 87.500 (60.628)	
Test: [0/237]	Time 9.461 (9.461)	Loss 0.2879 (0.2879)	Prec@1 87.500 (87.500)	Prec@5 93.750 (93.750)
Test: [20/237]	Time 0.383 (0.769)	Loss 0.3359 (0.3940)	Prec@1 87.500 (88.095)	Prec@5 100.000 (97.917)
Test: [40/237]	Time 0.340 (0.555)	Loss 0.3614 (0.3807)	Prec@1 87.500 (88.720)	Prec@5 100.000 (98.171)
Test: [60/237]	Time 0.303 (0.485)	Loss 0.4147 (0.3525)	Prec@1 93.750 (89.447)	Prec@5 100.000 (98.668)
Test: [80/237]	Time 0.333 (0.449)	Loss 0.4193 (0.3441)	Prec@1 87.500 (89.352)	Prec@5 93.750 (98.765)
Test: [100/237]	Time 0.346 (0.425)	Loss 0.1725 (0.3316)	Prec@1 87.500 (90.037)	Prec@5 100.000 (98.948)
Test: [120/237]	Time 0.375 (0.409)	Loss 0.2738 (0.3226)	Prec@1 87.500 (90.186)	Prec@5 100.000 (99.070)
Test: [140/237]	Time 0.316 (0.398)	Loss 0.1964 (0.3196)	Prec@1 100.000 (90.426)	Prec@5 100.000 (99.113)
Test: [160/237]	Time 0.353 (0.390)	Loss 0.4215 (0.3181)	Prec@1 93.750 (90.411)	Prec@5 100.000 (99.185)
Test: [180/237]	Time 0.376 (0.382)	Loss 0.5491 (0.3242)	Prec@1 87.500 (90.159)	Prec@5 100.000 (99.171)
Test: [200/237]	Time 0.330 (0.376)	Loss 0.0767 (0.3310)	Prec@1 93.750 (89.925)	Prec@5 100.000 (99.098)
Test: [220/237]	Time 0.318 (0.371)	Loss 0.7158 (0.3397)	Prec@1 81.250 (89.734)	Prec@5 93.750 (99.067)
Testing Results: Prec@1 89.691 Prec@5 99.075 Loss 0.34044
Best Prec@1: 89.691

Epoch: [1][0/596], lr: 0.0002500	Time 3.086 (3.086)	Loss 0.2384 (0.2384)	Loss_h 3.7927 (3.7927)	Prec@1 87.500 (87.500)	
Epoch: [1][20/596], lr: 0.0002500	Time 0.552 (0.668)	Loss 0.2861 (0.3686)	Loss_h 3.7482 (3.8448)	Prec@1 93.750 (87.798)	
Epoch: [1][40/596], lr: 0.0002500	Time 0.556 (0.607)	Loss 0.2190 (0.3244)	Loss_h 3.4830 (3.8235)	Prec@1 93.750 (89.634)	
Epoch: [1][60/596], lr: 0.0002500	Time 0.560 (0.586)	Loss 0.4501 (0.3108)	Loss_h 4.0794 (3.7908)	Prec@1 87.500 (90.984)	
Epoch: [1][80/596], lr: 0.0002500	Time 0.525 (0.575)	Loss 0.2386 (0.2874)	Loss_h 3.7188 (3.8084)	Prec@1 93.750 (91.898)	
Epoch: [1][100/596], lr: 0.0002500	Time 0.562 (0.570)	Loss 0.0656 (0.2945)	Loss_h 3.6096 (3.8031)	Prec@1 100.000 (91.770)	
Epoch: [1][120/596], lr: 0.0002500	Time 0.552 (0.566)	Loss 0.6403 (0.2992)	Loss_h 3.7859 (3.7991)	Prec@1 68.750 (91.529)	
Epoch: [1][140/596], lr: 0.0002500	Time 0.551 (0.562)	Loss 0.1611 (0.2932)	Loss_h 3.3300 (3.7919)	Prec@1 93.750 (91.445)	
Epoch: [1][160/596], lr: 0.0002500	Time 0.524 (0.559)	Loss 0.3983 (0.2872)	Loss_h 4.3849 (3.7995)	Prec@1 81.250 (91.654)	
Epoch: [1][180/596], lr: 0.0002500	Time 0.539 (0.558)	Loss 0.8441 (0.2881)	Loss_h 3.7325 (3.7924)	Prec@1 81.250 (91.644)	
Epoch: [1][200/596], lr: 0.0002500	Time 0.549 (0.557)	Loss 0.1785 (0.2872)	Loss_h 4.1625 (3.7875)	Prec@1 100.000 (91.698)	
Epoch: [1][220/596], lr: 0.0002500	Time 0.529 (0.555)	Loss 0.2448 (0.2841)	Loss_h 3.0640 (3.7733)	Prec@1 93.750 (91.714)	
Epoch: [1][240/596], lr: 0.0002500	Time 0.520 (0.555)	Loss 0.4508 (0.2858)	Loss_h 3.3844 (3.7646)	Prec@1 87.500 (91.701)	
Epoch: [1][260/596], lr: 0.0002500	Time 0.559 (0.554)	Loss 0.2737 (0.2856)	Loss_h 3.7715 (3.7582)	Prec@1 87.500 (91.739)	
Epoch: [1][280/596], lr: 0.0002500	Time 0.539 (0.553)	Loss 0.5229 (0.2854)	Loss_h 3.6765 (3.7616)	Prec@1 87.500 (91.748)	
Epoch: [1][300/596], lr: 0.0002500	Time 0.552 (0.552)	Loss 0.0712 (0.2774)	Loss_h 3.6273 (3.7526)	Prec@1 100.000 (91.923)	
Epoch: [1][320/596], lr: 0.0002500	Time 0.571 (0.552)	Loss 0.4899 (0.2794)	Loss_h 3.4608 (3.7486)	Prec@1 81.250 (91.822)	
Epoch: [1][340/596], lr: 0.0002500	Time 0.554 (0.552)	Loss 0.4479 (0.2791)	Loss_h 3.8795 (3.7461)	Prec@1 87.500 (91.716)	
Epoch: [1][360/596], lr: 0.0002500	Time 0.548 (0.551)	Loss 0.0536 (0.2740)	Loss_h 3.8115 (3.7469)	Prec@1 100.000 (91.794)	
Epoch: [1][380/596], lr: 0.0002500	Time 0.537 (0.551)	Loss 0.6765 (0.2749)	Loss_h 3.5175 (3.7463)	Prec@1 75.000 (91.749)	
Epoch: [1][400/596], lr: 0.0002500	Time 0.562 (0.550)	Loss 0.2494 (0.2788)	Loss_h 3.8625 (3.7408)	Prec@1 93.750 (91.568)	
Epoch: [1][420/596], lr: 0.0002500	Time 0.544 (0.550)	Loss 0.2313 (0.2789)	Loss_h 3.4520 (3.7298)	Prec@1 87.500 (91.597)	
Epoch: [1][440/596], lr: 0.0002500	Time 0.539 (0.550)	Loss 0.0236 (0.2749)	Loss_h 3.6201 (3.7280)	Prec@1 100.000 (91.780)	
Epoch: [1][460/596], lr: 0.0002500	Time 0.561 (0.549)	Loss 0.2582 (0.2731)	Loss_h 3.7936 (3.7316)	Prec@1 87.500 (91.743)	
Epoch: [1][480/596], lr: 0.0002500	Time 0.558 (0.549)	Loss 0.8401 (0.2741)	Loss_h 4.2497 (3.7363)	Prec@1 81.250 (91.723)	
Epoch: [1][500/596], lr: 0.0002500	Time 0.536 (0.549)	Loss 0.5567 (0.2738)	Loss_h 3.6284 (3.7388)	Prec@1 93.750 (91.754)	
Epoch: [1][520/596], lr: 0.0002500	Time 0.556 (0.548)	Loss 0.5594 (0.2750)	Loss_h 3.5900 (3.7322)	Prec@1 87.500 (91.711)	
Epoch: [1][540/596], lr: 0.0002500	Time 0.557 (0.548)	Loss 0.3340 (0.2758)	Loss_h 4.1176 (3.7279)	Prec@1 93.750 (91.740)	
Epoch: [1][560/596], lr: 0.0002500	Time 0.525 (0.548)	Loss 0.0507 (0.2735)	Loss_h 3.4028 (3.7228)	Prec@1 100.000 (91.811)	
Epoch: [1][580/596], lr: 0.0002500	Time 0.517 (0.548)	Loss 0.2608 (0.2710)	Loss_h 3.5230 (3.7179)	Prec@1 87.500 (91.824)	
Test: [0/237]	Time 4.528 (4.528)	Loss 0.1479 (0.1479)	Prec@1 93.750 (93.750)	Prec@5 100.000 (100.000)
Test: [20/237]	Time 0.324 (0.542)	Loss 0.0624 (0.3111)	Prec@1 100.000 (91.964)	Prec@5 100.000 (99.107)
Test: [40/237]	Time 0.335 (0.433)	Loss 0.0338 (0.2977)	Prec@1 100.000 (91.921)	Prec@5 100.000 (98.628)
Test: [60/237]	Time 0.340 (0.396)	Loss 0.1141 (0.2649)	Prec@1 93.750 (92.828)	Prec@5 100.000 (99.078)
Test: [80/237]	Time 0.354 (0.380)	Loss 0.1915 (0.2507)	Prec@1 93.750 (93.133)	Prec@5 100.000 (99.151)
Test: [100/237]	Time 0.331 (0.368)	Loss 0.4127 (0.2654)	Prec@1 93.750 (92.698)	Prec@5 100.000 (99.196)
Test: [120/237]	Time 0.338 (0.361)	Loss 0.3137 (0.2651)	Prec@1 81.250 (92.665)	Prec@5 100.000 (99.225)
Test: [140/237]	Time 0.372 (0.356)	Loss 0.6014 (0.2566)	Prec@1 68.750 (92.553)	Prec@5 87.500 (99.202)
Test: [160/237]	Time 0.355 (0.351)	Loss 0.4531 (0.2548)	Prec@1 87.500 (92.624)	Prec@5 93.750 (99.185)
Test: [180/237]	Time 0.299 (0.348)	Loss 0.1399 (0.2602)	Prec@1 100.000 (92.507)	Prec@5 100.000 (99.137)
Test: [200/237]	Time 0.314 (0.344)	Loss 0.1945 (0.2614)	Prec@1 93.750 (92.444)	Prec@5 100.000 (99.160)
Test: [220/237]	Time 0.318 (0.341)	Loss 0.4655 (0.2609)	Prec@1 93.750 (92.506)	Prec@5 100.000 (99.152)
Testing Results: Prec@1 92.572 Prec@5 99.128 Loss 0.26002
Best Prec@1: 92.572

Epoch: [2][0/596], lr: 0.0002500	Time 2.630 (2.630)	Loss 0.0237 (0.0237)	Loss_h 3.2917 (3.2917)	Prec@1 100.000 (100.000)	
Epoch: [2][20/596], lr: 0.0002500	Time 0.524 (0.646)	Loss 0.2985 (0.1330)	Loss_h 3.5213 (3.5131)	Prec@1 87.500 (95.536)	
Epoch: [2][40/596], lr: 0.0002500	Time 0.524 (0.594)	Loss 0.4693 (0.1609)	Loss_h 3.4382 (3.5124)	Prec@1 87.500 (95.427)	
Epoch: [2][60/596], lr: 0.0002500	Time 0.563 (0.575)	Loss 0.0915 (0.1545)	Loss_h 4.1594 (3.5552)	Prec@1 100.000 (95.697)	
Epoch: [2][80/596], lr: 0.0002500	Time 0.519 (0.566)	Loss 0.0326 (0.1798)	Loss_h 3.4378 (3.5630)	Prec@1 100.000 (94.907)	
Epoch: [2][100/596], lr: 0.0002500	Time 0.514 (0.560)	Loss 0.0724 (0.1736)	Loss_h 3.6530 (3.5720)	Prec@1 100.000 (94.988)	
Epoch: [2][120/596], lr: 0.0002500	Time 0.543 (0.557)	Loss 0.3489 (0.1813)	Loss_h 3.2611 (3.5580)	Prec@1 87.500 (94.680)	
Epoch: [2][140/596], lr: 0.0002500	Time 0.561 (0.554)	Loss 0.0835 (0.1757)	Loss_h 2.7773 (3.5390)	Prec@1 100.000 (94.814)	
Epoch: [2][160/596], lr: 0.0002500	Time 0.530 (0.552)	Loss 0.0795 (0.1733)	Loss_h 3.8322 (3.5576)	Prec@1 100.000 (94.876)	
Epoch: [2][180/596], lr: 0.0002500	Time 0.516 (0.550)	Loss 0.3162 (0.1755)	Loss_h 3.1199 (3.5644)	Prec@1 87.500 (94.786)	
Epoch: [2][200/596], lr: 0.0002500	Time 0.521 (0.549)	Loss 0.0241 (0.1716)	Loss_h 3.4539 (3.5745)	Prec@1 100.000 (94.776)	
Epoch: [2][220/596], lr: 0.0002500	Time 0.523 (0.548)	Loss 0.3325 (0.1702)	Loss_h 3.0281 (3.5588)	Prec@1 87.500 (94.881)	
Epoch: [2][240/596], lr: 0.0002500	Time 0.577 (0.548)	Loss 0.1556 (0.1691)	Loss_h 3.7279 (3.5455)	Prec@1 93.750 (94.891)	
Epoch: [2][260/596], lr: 0.0002500	Time 0.529 (0.547)	Loss 0.6279 (0.1693)	Loss_h 2.9694 (3.5458)	Prec@1 81.250 (94.923)	
Epoch: [2][280/596], lr: 0.0002500	Time 0.540 (0.546)	Loss 0.2631 (0.1682)	Loss_h 3.3982 (3.5429)	Prec@1 87.500 (94.884)	
Epoch: [2][300/596], lr: 0.0002500	Time 0.547 (0.546)	Loss 0.0116 (0.1645)	Loss_h 3.5390 (3.5362)	Prec@1 100.000 (94.975)	
Epoch: [2][320/596], lr: 0.0002500	Time 0.522 (0.545)	Loss 0.0254 (0.1633)	Loss_h 3.8014 (3.5354)	Prec@1 100.000 (95.035)	
Epoch: [2][340/596], lr: 0.0002500	Time 0.516 (0.545)	Loss 0.5466 (0.1649)	Loss_h 4.2514 (3.5342)	Prec@1 87.500 (94.978)	
Epoch: [2][360/596], lr: 0.0002500	Time 0.552 (0.545)	Loss 0.2086 (0.1703)	Loss_h 3.2256 (3.5287)	Prec@1 87.500 (94.789)	
Epoch: [2][380/596], lr: 0.0002500	Time 0.562 (0.545)	Loss 0.2331 (0.1701)	Loss_h 3.3823 (3.5250)	Prec@1 93.750 (94.783)	
Epoch: [2][400/596], lr: 0.0002500	Time 0.522 (0.545)	Loss 0.0384 (0.1705)	Loss_h 3.0503 (3.5178)	Prec@1 100.000 (94.779)	
Epoch: [2][420/596], lr: 0.0002500	Time 0.528 (0.544)	Loss 0.0255 (0.1702)	Loss_h 3.8146 (3.5177)	Prec@1 100.000 (94.774)	
Epoch: [2][440/596], lr: 0.0002500	Time 0.546 (0.544)	Loss 0.1123 (0.1704)	Loss_h 3.5750 (3.5105)	Prec@1 93.750 (94.799)	
Epoch: [2][460/596], lr: 0.0002500	Time 0.527 (0.544)	Loss 0.0021 (0.1718)	Loss_h 2.5778 (3.5019)	Prec@1 100.000 (94.807)	
Epoch: [2][480/596], lr: 0.0002500	Time 0.557 (0.544)	Loss 0.0677 (0.1690)	Loss_h 3.5015 (3.5018)	Prec@1 93.750 (94.893)	
Epoch: [2][500/596], lr: 0.0002500	Time 0.520 (0.544)	Loss 0.0065 (0.1720)	Loss_h 2.5901 (3.4985)	Prec@1 100.000 (94.760)	
Epoch: [2][520/596], lr: 0.0002500	Time 0.514 (0.543)	Loss 0.1730 (0.1725)	Loss_h 3.3975 (3.4910)	Prec@1 93.750 (94.686)	
Epoch: [2][540/596], lr: 0.0002500	Time 0.527 (0.543)	Loss 0.2848 (0.1730)	Loss_h 3.7223 (3.4906)	Prec@1 93.750 (94.674)	
Epoch: [2][560/596], lr: 0.0002500	Time 0.535 (0.543)	Loss 0.0009 (0.1715)	Loss_h 3.1043 (3.4783)	Prec@1 100.000 (94.764)	
Epoch: [2][580/596], lr: 0.0002500	Time 0.557 (0.543)	Loss 0.0019 (0.1697)	Loss_h 2.8666 (3.4757)	Prec@1 100.000 (94.804)	
Test: [0/237]	Time 3.596 (3.596)	Loss 0.1727 (0.1727)	Prec@1 87.500 (87.500)	Prec@5 100.000 (100.000)
Test: [20/237]	Time 0.338 (0.497)	Loss 0.0943 (0.2454)	Prec@1 93.750 (92.560)	Prec@5 100.000 (98.810)
Test: [40/237]	Time 0.322 (0.412)	Loss 0.1138 (0.2463)	Prec@1 93.750 (92.378)	Prec@5 100.000 (98.780)
Test: [60/237]	Time 0.335 (0.383)	Loss 0.0631 (0.2007)	Prec@1 100.000 (93.545)	Prec@5 100.000 (99.180)
Test: [80/237]	Time 0.308 (0.367)	Loss 0.0819 (0.1908)	Prec@1 93.750 (93.596)	Prec@5 100.000 (99.383)
Test: [100/237]	Time 0.315 (0.358)	Loss 0.0653 (0.1980)	Prec@1 100.000 (93.626)	Prec@5 100.000 (99.443)
Test: [120/237]	Time 0.357 (0.351)	Loss 0.3699 (0.1976)	Prec@1 81.250 (93.440)	Prec@5 100.000 (99.483)
Test: [140/237]	Time 0.358 (0.346)	Loss 0.2470 (0.1934)	Prec@1 93.750 (93.573)	Prec@5 100.000 (99.557)
Test: [160/237]	Time 0.406 (0.344)	Loss 0.4930 (0.1906)	Prec@1 87.500 (93.672)	Prec@5 100.000 (99.612)
Test: [180/237]	Time 0.388 (0.341)	Loss 0.3512 (0.1967)	Prec@1 81.250 (93.508)	Prec@5 100.000 (99.620)
Test: [200/237]	Time 0.320 (0.339)	Loss 0.0304 (0.1968)	Prec@1 100.000 (93.532)	Prec@5 100.000 (99.627)
Test: [220/237]	Time 0.316 (0.336)	Loss 0.3478 (0.1993)	Prec@1 93.750 (93.580)	Prec@5 100.000 (99.604)
Testing Results: Prec@1 93.471 Prec@5 99.524 Loss 0.20273
Best Prec@1: 93.471

Epoch: [3][0/596], lr: 0.0002500	Time 2.953 (2.953)	Loss 0.2488 (0.2488)	Loss_h 3.4486 (3.4486)	Prec@1 93.750 (93.750)	
Epoch: [3][20/596], lr: 0.0002500	Time 0.536 (0.659)	Loss 0.0327 (0.1457)	Loss_h 2.8686 (3.3144)	Prec@1 100.000 (95.833)	
Epoch: [3][40/596], lr: 0.0002500	Time 0.545 (0.601)	Loss 0.0446 (0.1463)	Loss_h 3.0410 (3.2855)	Prec@1 100.000 (95.884)	
Epoch: [3][60/596], lr: 0.0002500	Time 0.536 (0.579)	Loss 0.0988 (0.1517)	Loss_h 3.3551 (3.3006)	Prec@1 93.750 (95.492)	
Epoch: [3][80/596], lr: 0.0002500	Time 0.566 (0.570)	Loss 0.0300 (0.1637)	Loss_h 3.6074 (3.2680)	Prec@1 100.000 (95.448)	
Epoch: [3][100/596], lr: 0.0002500	Time 0.553 (0.563)	Loss 0.2456 (0.1683)	Loss_h 3.3854 (3.2519)	Prec@1 93.750 (95.297)	
Epoch: [3][120/596], lr: 0.0002500	Time 0.552 (0.559)	Loss 0.0411 (0.1615)	Loss_h 3.1062 (3.2632)	Prec@1 100.000 (95.455)	
Epoch: [3][140/596], lr: 0.0002500	Time 0.543 (0.556)	Loss 0.0141 (0.1633)	Loss_h 3.6289 (3.2942)	Prec@1 100.000 (95.523)	
Epoch: [3][160/596], lr: 0.0002500	Time 0.548 (0.553)	Loss 0.0087 (0.1568)	Loss_h 3.7367 (3.2908)	Prec@1 100.000 (95.613)	
Epoch: [3][180/596], lr: 0.0002500	Time 0.553 (0.552)	Loss 0.0262 (0.1618)	Loss_h 3.0610 (3.2970)	Prec@1 100.000 (95.580)	
Epoch: [3][200/596], lr: 0.0002500	Time 0.545 (0.550)	Loss 0.1599 (0.1528)	Loss_h 3.9645 (3.3026)	Prec@1 93.750 (95.833)	
Epoch: [3][220/596], lr: 0.0002500	Time 0.526 (0.549)	Loss 0.0286 (0.1512)	Loss_h 3.0562 (3.2964)	Prec@1 100.000 (95.843)	
Epoch: [3][240/596], lr: 0.0002500	Time 0.554 (0.548)	Loss 0.0167 (0.1492)	Loss_h 3.1463 (3.2791)	Prec@1 100.000 (95.851)	
Epoch: [3][260/596], lr: 0.0002500	Time 0.529 (0.547)	Loss 0.1057 (0.1460)	Loss_h 3.5280 (3.2875)	Prec@1 93.750 (95.881)	
Epoch: [3][280/596], lr: 0.0002500	Time 0.550 (0.547)	Loss 0.2614 (0.1427)	Loss_h 3.5332 (3.2873)	Prec@1 93.750 (95.952)	
Epoch: [3][300/596], lr: 0.0002500	Time 0.538 (0.546)	Loss 0.0049 (0.1386)	Loss_h 2.9816 (3.2759)	Prec@1 100.000 (96.034)	
Epoch: [3][320/596], lr: 0.0002500	Time 0.530 (0.546)	Loss 0.3400 (0.1375)	Loss_h 3.8235 (3.2746)	Prec@1 81.250 (95.970)	
Epoch: [3][340/596], lr: 0.0002500	Time 0.519 (0.545)	Loss 0.3817 (0.1370)	Loss_h 3.2178 (3.2745)	Prec@1 87.500 (95.968)	
Epoch: [3][360/596], lr: 0.0002500	Time 0.553 (0.545)	Loss 0.5266 (0.1399)	Loss_h 3.2925 (3.2720)	Prec@1 87.500 (95.931)	
Epoch: [3][380/596], lr: 0.0002500	Time 0.543 (0.545)	Loss 0.0043 (0.1395)	Loss_h 3.4653 (3.2719)	Prec@1 100.000 (95.866)	
Epoch: [3][400/596], lr: 0.0002500	Time 0.530 (0.544)	Loss 0.0031 (0.1385)	Loss_h 2.6926 (3.2702)	Prec@1 100.000 (95.916)	
Epoch: [3][420/596], lr: 0.0002500	Time 0.545 (0.544)	Loss 0.0136 (0.1379)	Loss_h 3.4669 (3.2675)	Prec@1 100.000 (95.962)	
Epoch: [3][440/596], lr: 0.0002500	Time 0.553 (0.544)	Loss 0.0291 (0.1355)	Loss_h 2.9922 (3.2625)	Prec@1 100.000 (96.003)	
Epoch: [3][460/596], lr: 0.0002500	Time 0.544 (0.544)	Loss 0.3609 (0.1357)	Loss_h 3.2270 (3.2582)	Prec@1 87.500 (96.014)	
Epoch: [3][480/596], lr: 0.0002500	Time 0.512 (0.543)	Loss 0.2256 (0.1357)	Loss_h 3.4414 (3.2543)	Prec@1 93.750 (95.998)	
Epoch: [3][500/596], lr: 0.0002500	Time 0.562 (0.543)	Loss 0.1597 (0.1351)	Loss_h 2.9613 (3.2536)	Prec@1 93.750 (95.971)	
Epoch: [3][520/596], lr: 0.0002500	Time 0.541 (0.543)	Loss 0.0764 (0.1345)	Loss_h 2.6864 (3.2436)	Prec@1 93.750 (95.945)	
Epoch: [3][540/596], lr: 0.0002500	Time 0.562 (0.543)	Loss 0.3853 (0.1343)	Loss_h 3.8474 (3.2416)	Prec@1 75.000 (95.899)	
Epoch: [3][560/596], lr: 0.0002500	Time 0.515 (0.543)	Loss 0.2825 (0.1363)	Loss_h 4.1932 (3.2402)	Prec@1 87.500 (95.811)	
Epoch: [3][580/596], lr: 0.0002500	Time 0.557 (0.543)	Loss 0.4289 (0.1387)	Loss_h 3.3468 (3.2398)	Prec@1 87.500 (95.729)	
Test: [0/237]	Time 3.028 (3.028)	Loss 0.1294 (0.1294)	Prec@1 93.750 (93.750)	Prec@5 100.000 (100.000)
Test: [20/237]	Time 0.284 (0.517)	Loss 0.0960 (0.2048)	Prec@1 100.000 (93.750)	Prec@5 100.000 (99.702)
Test: [40/237]	Time 0.327 (0.422)	Loss 0.1571 (0.2296)	Prec@1 87.500 (92.835)	Prec@5 100.000 (99.543)
Test: [60/237]	Time 0.311 (0.387)	Loss 0.0214 (0.1958)	Prec@1 100.000 (93.545)	Prec@5 100.000 (99.693)
Test: [80/237]	Time 0.282 (0.370)	Loss 0.0719 (0.2091)	Prec@1 100.000 (93.210)	Prec@5 100.000 (99.769)
Test: [100/237]	Time 0.284 (0.361)	Loss 0.1094 (0.2095)	Prec@1 93.750 (93.502)	Prec@5 100.000 (99.752)
Test: [120/237]	Time 0.286 (0.355)	Loss 0.2379 (0.2129)	Prec@1 87.500 (93.388)	Prec@5 100.000 (99.742)
Test: [140/237]	Time 0.329 (0.350)	Loss 0.3344 (0.2084)	Prec@1 87.500 (93.484)	Prec@5 100.000 (99.778)
Test: [160/237]	Time 0.304 (0.345)	Loss 0.5851 (0.2057)	Prec@1 87.500 (93.556)	Prec@5 93.750 (99.767)
Test: [180/237]	Time 0.334 (0.343)	Loss 0.2089 (0.2104)	Prec@1 87.500 (93.301)	Prec@5 100.000 (99.758)
Test: [200/237]	Time 0.290 (0.341)	Loss 0.0069 (0.2107)	Prec@1 100.000 (93.221)	Prec@5 100.000 (99.782)
Test: [220/237]	Time 0.274 (0.338)	Loss 0.2092 (0.2141)	Prec@1 93.750 (93.156)	Prec@5 100.000 (99.774)
Testing Results: Prec@1 93.074 Prec@5 99.709 Loss 0.22010
Best Prec@1: 93.471

Epoch: [4][0/596], lr: 0.0002500	Time 2.697 (2.697)	Loss 0.2007 (0.2007)	Loss_h 3.2368 (3.2368)	Prec@1 93.750 (93.750)	
Epoch: [4][20/596], lr: 0.0002500	Time 0.558 (0.651)	Loss 0.0822 (0.0862)	Loss_h 3.1003 (2.9690)	Prec@1 93.750 (97.024)	
Epoch: [4][40/596], lr: 0.0002500	Time 0.522 (0.598)	Loss 0.0004 (0.0867)	Loss_h 2.6673 (3.0746)	Prec@1 100.000 (96.799)	
Epoch: [4][60/596], lr: 0.0002500	Time 0.547 (0.579)	Loss 0.0012 (0.0775)	Loss_h 2.8366 (3.0891)	Prec@1 100.000 (97.029)	
Epoch: [4][80/596], lr: 0.0002500	Time 0.555 (0.569)	Loss 0.0313 (0.0862)	Loss_h 2.9937 (3.0736)	Prec@1 100.000 (96.914)	
Epoch: [4][100/596], lr: 0.0002500	Time 0.522 (0.563)	Loss 0.0021 (0.0928)	Loss_h 3.2725 (3.0517)	Prec@1 100.000 (97.030)	
Epoch: [4][120/596], lr: 0.0002500	Time 0.532 (0.560)	Loss 0.1098 (0.0957)	Loss_h 2.9553 (3.0655)	Prec@1 93.750 (96.901)	
Epoch: [4][140/596], lr: 0.0002500	Time 0.536 (0.558)	Loss 0.0627 (0.0968)	Loss_h 3.0081 (3.1035)	Prec@1 100.000 (96.986)	
Epoch: [4][160/596], lr: 0.0002500	Time 0.517 (0.556)	Loss 0.1393 (0.1020)	Loss_h 3.5168 (3.1053)	Prec@1 93.750 (96.817)	
Epoch: [4][180/596], lr: 0.0002500	Time 0.558 (0.554)	Loss 0.2114 (0.1074)	Loss_h 2.9747 (3.1011)	Prec@1 87.500 (96.651)	
Epoch: [4][200/596], lr: 0.0002500	Time 0.554 (0.552)	Loss 0.1869 (0.1048)	Loss_h 3.4394 (3.0916)	Prec@1 93.750 (96.704)	
Epoch: [4][220/596], lr: 0.0002500	Time 0.548 (0.551)	Loss 0.2111 (0.1084)	Loss_h 2.4652 (3.0957)	Prec@1 87.500 (96.550)	
Epoch: [4][240/596], lr: 0.0002500	Time 0.545 (0.550)	Loss 0.1774 (0.1086)	Loss_h 4.1332 (3.0872)	Prec@1 93.750 (96.577)	
Epoch: [4][260/596], lr: 0.0002500	Time 0.534 (0.550)	Loss 0.1466 (0.1083)	Loss_h 3.5608 (3.0934)	Prec@1 93.750 (96.552)	
Epoch: [4][280/596], lr: 0.0002500	Time 0.552 (0.549)	Loss 0.0051 (0.1110)	Loss_h 3.4225 (3.0916)	Prec@1 100.000 (96.575)	
Epoch: [4][300/596], lr: 0.0002500	Time 0.557 (0.549)	Loss 0.0042 (0.1124)	Loss_h 3.0251 (3.0846)	Prec@1 100.000 (96.553)	
Epoch: [4][320/596], lr: 0.0002500	Time 0.516 (0.548)	Loss 0.0086 (0.1129)	Loss_h 3.6503 (3.0801)	Prec@1 100.000 (96.554)	
Epoch: [4][340/596], lr: 0.0002500	Time 0.533 (0.548)	Loss 0.0451 (0.1149)	Loss_h 3.0296 (3.0815)	Prec@1 100.000 (96.518)	
Epoch: [4][360/596], lr: 0.0002500	Time 0.543 (0.548)	Loss 0.2414 (0.1149)	Loss_h 2.8433 (3.0790)	Prec@1 87.500 (96.520)	
Epoch: [4][380/596], lr: 0.0002500	Time 0.545 (0.547)	Loss 0.0079 (0.1151)	Loss_h 3.5621 (3.0862)	Prec@1 100.000 (96.539)	
Epoch: [4][400/596], lr: 0.0002500	Time 0.520 (0.547)	Loss 0.2491 (0.1146)	Loss_h 2.8999 (3.0852)	Prec@1 93.750 (96.571)	
Epoch: [4][420/596], lr: 0.0002500	Time 0.563 (0.546)	Loss 0.1887 (0.1140)	Loss_h 2.8572 (3.0882)	Prec@1 93.750 (96.600)	
Epoch: [4][440/596], lr: 0.0002500	Time 0.529 (0.546)	Loss 0.0541 (0.1151)	Loss_h 3.0265 (3.0884)	Prec@1 100.000 (96.599)	
Epoch: [4][460/596], lr: 0.0002500	Time 0.524 (0.546)	Loss 0.0327 (0.1125)	Loss_h 3.1992 (3.0894)	Prec@1 100.000 (96.719)	
Epoch: [4][480/596], lr: 0.0002500	Time 0.547 (0.546)	Loss 0.4865 (0.1137)	Loss_h 3.2712 (3.0874)	Prec@1 81.250 (96.648)	
Epoch: [4][500/596], lr: 0.0002500	Time 0.523 (0.546)	Loss 0.0252 (0.1141)	Loss_h 3.1890 (3.0822)	Prec@1 100.000 (96.632)	
Epoch: [4][520/596], lr: 0.0002500	Time 0.525 (0.545)	Loss 0.3070 (0.1149)	Loss_h 3.6366 (3.0822)	Prec@1 93.750 (96.629)	
Epoch: [4][540/596], lr: 0.0002500	Time 0.526 (0.545)	Loss 0.0077 (0.1150)	Loss_h 2.6234 (3.0820)	Prec@1 100.000 (96.627)	
Epoch: [4][560/596], lr: 0.0002500	Time 0.528 (0.545)	Loss 0.2460 (0.1135)	Loss_h 3.2313 (3.0824)	Prec@1 87.500 (96.680)	
Epoch: [4][580/596], lr: 0.0002500	Time 0.555 (0.545)	Loss 0.0678 (0.1137)	Loss_h 3.1895 (3.0794)	Prec@1 100.000 (96.698)	
Test: [0/237]	Time 4.560 (4.560)	Loss 0.0120 (0.0120)	Prec@1 100.000 (100.000)	Prec@5 100.000 (100.000)
Test: [20/237]	Time 0.299 (0.531)	Loss 0.0425 (0.2080)	Prec@1 100.000 (93.155)	Prec@5 100.000 (100.000)
Test: [40/237]	Time 0.295 (0.426)	Loss 0.1094 (0.2171)	Prec@1 93.750 (92.988)	Prec@5 100.000 (99.695)
Test: [60/237]	Time 0.323 (0.390)	Loss 0.0935 (0.1750)	Prec@1 93.750 (94.467)	Prec@5 100.000 (99.795)
Test: [80/237]	Time 0.283 (0.371)	Loss 0.0507 (0.1682)	Prec@1 100.000 (94.830)	Prec@5 100.000 (99.769)
Test: [100/237]	Time 0.281 (0.360)	Loss 0.2772 (0.1623)	Prec@1 93.750 (94.988)	Prec@5 100.000 (99.752)
Test: [120/237]	Time 0.302 (0.353)	Loss 0.1568 (0.1685)	Prec@1 93.750 (94.731)	Prec@5 100.000 (99.793)
Test: [140/237]	Time 0.282 (0.349)	Loss 0.1310 (0.1584)	Prec@1 93.750 (94.991)	Prec@5 100.000 (99.823)
Test: [160/237]	Time 0.322 (0.345)	Loss 0.4317 (0.1567)	Prec@1 87.500 (95.109)	Prec@5 100.000 (99.845)
Test: [180/237]	Time 0.287 (0.344)	Loss 0.2006 (0.1628)	Prec@1 93.750 (94.993)	Prec@5 100.000 (99.827)
Test: [200/237]	Time 0.291 (0.345)	Loss 0.0006 (0.1677)	Prec@1 100.000 (94.807)	Prec@5 100.000 (99.813)
Test: [220/237]	Time 0.288 (0.343)	Loss 0.1832 (0.1730)	Prec@1 93.750 (94.683)	Prec@5 100.000 (99.745)
Testing Results: Prec@1 94.607 Prec@5 99.709 Loss 0.17513
Best Prec@1: 94.607

Epoch: [5][0/596], lr: 0.0002500	Time 2.870 (2.870)	Loss 0.0994 (0.0994)	Loss_h 3.7273 (3.7273)	Prec@1 93.750 (93.750)	
Epoch: [5][20/596], lr: 0.0002500	Time 0.536 (0.655)	Loss 0.0110 (0.0667)	Loss_h 3.0909 (2.9132)	Prec@1 100.000 (97.321)	
Epoch: [5][40/596], lr: 0.0002500	Time 0.517 (0.601)	Loss 0.0448 (0.0681)	Loss_h 2.7813 (2.9425)	Prec@1 100.000 (97.409)	
Epoch: [5][60/596], lr: 0.0002500	Time 0.517 (0.581)	Loss 0.0282 (0.0886)	Loss_h 2.6761 (2.9738)	Prec@1 100.000 (97.131)	
Epoch: [5][80/596], lr: 0.0002500	Time 0.572 (0.572)	Loss 0.0605 (0.0916)	Loss_h 2.8343 (2.9632)	Prec@1 93.750 (97.068)	
Epoch: [5][100/596], lr: 0.0002500	Time 0.520 (0.566)	Loss 0.0030 (0.0900)	Loss_h 2.6145 (2.9704)	Prec@1 100.000 (96.968)	
Epoch: [5][120/596], lr: 0.0002500	Time 0.557 (0.562)	Loss 0.0026 (0.0895)	Loss_h 2.8279 (2.9600)	Prec@1 100.000 (97.004)	
Epoch: [5][140/596], lr: 0.0002500	Time 0.562 (0.559)	Loss 0.2411 (0.0902)	Loss_h 3.5217 (2.9612)	Prec@1 81.250 (96.986)	
Epoch: [5][160/596], lr: 0.0002500	Time 0.564 (0.558)	Loss 0.0029 (0.0890)	Loss_h 2.2644 (2.9532)	Prec@1 100.000 (97.011)	
Epoch: [5][180/596], lr: 0.0002500	Time 0.535 (0.556)	Loss 0.0090 (0.0931)	Loss_h 3.4071 (2.9614)	Prec@1 100.000 (96.927)	
Epoch: [5][200/596], lr: 0.0002500	Time 0.526 (0.555)	Loss 0.0176 (0.0877)	Loss_h 2.4670 (2.9529)	Prec@1 100.000 (97.108)	
Epoch: [5][220/596], lr: 0.0002500	Time 0.521 (0.554)	Loss 0.0516 (0.0838)	Loss_h 3.0530 (2.9423)	Prec@1 100.000 (97.229)	
Epoch: [5][240/596], lr: 0.0002500	Time 0.526 (0.553)	Loss 0.0720 (0.0854)	Loss_h 2.9866 (2.9351)	Prec@1 93.750 (97.199)	
Epoch: [5][260/596], lr: 0.0002500	Time 0.520 (0.552)	Loss 0.0391 (0.0929)	Loss_h 3.6322 (2.9439)	Prec@1 100.000 (97.007)	
Epoch: [5][280/596], lr: 0.0002500	Time 0.560 (0.552)	Loss 0.0641 (0.0924)	Loss_h 2.7554 (2.9457)	Prec@1 100.000 (96.975)	
Epoch: [5][300/596], lr: 0.0002500	Time 0.518 (0.551)	Loss 0.2426 (0.0933)	Loss_h 2.4688 (2.9530)	Prec@1 87.500 (96.927)	
Epoch: [5][320/596], lr: 0.0002500	Time 0.546 (0.550)	Loss 0.0036 (0.0919)	Loss_h 2.4535 (2.9588)	Prec@1 100.000 (96.963)	
Epoch: [5][340/596], lr: 0.0002500	Time 0.522 (0.550)	Loss 0.2257 (0.0912)	Loss_h 2.3539 (2.9595)	Prec@1 87.500 (96.957)	
Epoch: [5][360/596], lr: 0.0002500	Time 0.551 (0.550)	Loss 0.2398 (0.0902)	Loss_h 4.2801 (2.9662)	Prec@1 93.750 (96.970)	
Epoch: [5][380/596], lr: 0.0002500	Time 0.530 (0.549)	Loss 0.0429 (0.0914)	Loss_h 3.2392 (2.9567)	Prec@1 100.000 (96.965)	
Epoch: [5][400/596], lr: 0.0002500	Time 0.523 (0.549)	Loss 0.0289 (0.0928)	Loss_h 2.2077 (2.9554)	Prec@1 100.000 (96.945)	
Epoch: [5][420/596], lr: 0.0002500	Time 0.525 (0.549)	Loss 0.0936 (0.0938)	Loss_h 2.9851 (2.9536)	Prec@1 93.750 (96.912)	
Epoch: [5][440/596], lr: 0.0002500	Time 0.559 (0.548)	Loss 0.0191 (0.0925)	Loss_h 2.9085 (2.9490)	Prec@1 100.000 (96.925)	
Epoch: [5][460/596], lr: 0.0002500	Time 0.540 (0.548)	Loss 0.1221 (0.0907)	Loss_h 2.9021 (2.9456)	Prec@1 93.750 (96.977)	
Epoch: [5][480/596], lr: 0.0002500	Time 0.550 (0.548)	Loss 0.0483 (0.0921)	Loss_h 2.3961 (2.9456)	Prec@1 93.750 (96.985)	
Epoch: [5][500/596], lr: 0.0002500	Time 0.525 (0.547)	Loss 0.1385 (0.0923)	Loss_h 2.9708 (2.9491)	Prec@1 93.750 (96.994)	
Epoch: [5][520/596], lr: 0.0002500	Time 0.560 (0.547)	Loss 0.0025 (0.0927)	Loss_h 2.1322 (2.9498)	Prec@1 100.000 (97.049)	
Epoch: [5][540/596], lr: 0.0002500	Time 0.522 (0.547)	Loss 0.0065 (0.0920)	Loss_h 2.7436 (2.9508)	Prec@1 100.000 (97.066)	
Epoch: [5][560/596], lr: 0.0002500	Time 0.528 (0.546)	Loss 0.0052 (0.0927)	Loss_h 2.6605 (2.9538)	Prec@1 100.000 (97.048)	
Epoch: [5][580/596], lr: 0.0002500	Time 0.521 (0.546)	Loss 0.0511 (0.0923)	Loss_h 3.1719 (2.9499)	Prec@1 100.000 (97.063)	
Test: [0/237]	Time 4.263 (4.263)	Loss 0.0219 (0.0219)	Prec@1 100.000 (100.000)	Prec@5 100.000 (100.000)
Test: [20/237]	Time 0.326 (0.514)	Loss 0.0752 (0.1841)	Prec@1 93.750 (95.238)	Prec@5 100.000 (99.405)
Test: [40/237]	Time 0.312 (0.418)	Loss 0.1058 (0.2204)	Prec@1 93.750 (94.207)	Prec@5 100.000 (99.085)
Test: [60/237]	Time 0.308 (0.382)	Loss 0.0345 (0.1811)	Prec@1 100.000 (95.082)	Prec@5 100.000 (99.385)
Test: [80/237]	Time 0.319 (0.366)	Loss 0.0357 (0.1815)	Prec@1 100.000 (95.293)	Prec@5 100.000 (99.383)
Test: [100/237]	Time 0.303 (0.355)	Loss 0.0129 (0.1752)	Prec@1 100.000 (95.668)	Prec@5 100.000 (99.443)
Test: [120/237]	Time 0.337 (0.347)	Loss 0.0750 (0.1834)	Prec@1 100.000 (95.196)	Prec@5 100.000 (99.432)
Test: [140/237]	Time 0.288 (0.343)	Loss 0.2204 (0.1745)	Prec@1 93.750 (95.213)	Prec@5 100.000 (99.468)
Test: [160/237]	Time 0.338 (0.339)	Loss 0.2455 (0.1721)	Prec@1 87.500 (95.186)	Prec@5 100.000 (99.495)
Test: [180/237]	Time 0.314 (0.337)	Loss 0.2444 (0.1789)	Prec@1 87.500 (94.786)	Prec@5 100.000 (99.517)
Test: [200/237]	Time 0.312 (0.335)	Loss 0.0008 (0.1831)	Prec@1 100.000 (94.683)	Prec@5 100.000 (99.502)
Test: [220/237]	Time 0.292 (0.332)	Loss 0.2441 (0.1845)	Prec@1 93.750 (94.655)	Prec@5 100.000 (99.519)
Testing Results: Prec@1 94.660 Prec@5 99.498 Loss 0.18653
Best Prec@1: 94.660

Epoch: [6][0/596], lr: 0.0002500	Time 2.468 (2.468)	Loss 0.0076 (0.0076)	Loss_h 2.7003 (2.7003)	Prec@1 100.000 (100.000)	
Epoch: [6][20/596], lr: 0.0002500	Time 0.548 (0.633)	Loss 0.0372 (0.0670)	Loss_h 2.8332 (2.8302)	Prec@1 100.000 (98.810)	
Epoch: [6][40/596], lr: 0.0002500	Time 0.521 (0.588)	Loss 0.0305 (0.0651)	Loss_h 2.7781 (2.7687)	Prec@1 100.000 (98.323)	
Epoch: [6][60/596], lr: 0.0002500	Time 0.525 (0.573)	Loss 0.0414 (0.0741)	Loss_h 3.0308 (2.7610)	Prec@1 100.000 (98.053)	
Epoch: [6][80/596], lr: 0.0002500	Time 0.558 (0.565)	Loss 0.0088 (0.0682)	Loss_h 3.0748 (2.7906)	Prec@1 100.000 (98.148)	
Epoch: [6][100/596], lr: 0.0002500	Time 0.519 (0.561)	Loss 0.0357 (0.0633)	Loss_h 2.7702 (2.7714)	Prec@1 100.000 (98.205)	
Epoch: [6][120/596], lr: 0.0002500	Time 0.516 (0.556)	Loss 0.0028 (0.0613)	Loss_h 2.9050 (2.7652)	Prec@1 100.000 (98.244)	
Epoch: [6][140/596], lr: 0.0002500	Time 0.528 (0.554)	Loss 0.0107 (0.0692)	Loss_h 3.4965 (2.7981)	Prec@1 100.000 (98.050)	
Epoch: [6][160/596], lr: 0.0002500	Time 0.538 (0.552)	Loss 0.1754 (0.0705)	Loss_h 2.7344 (2.8314)	Prec@1 93.750 (97.981)	
Epoch: [6][180/596], lr: 0.0002500	Time 0.567 (0.551)	Loss 0.0186 (0.0742)	Loss_h 2.9774 (2.8429)	Prec@1 100.000 (97.721)	
Epoch: [6][200/596], lr: 0.0002500	Time 0.544 (0.550)	Loss 0.2655 (0.0815)	Loss_h 2.7648 (2.8602)	Prec@1 93.750 (97.481)	
Epoch: [6][220/596], lr: 0.0002500	Time 0.527 (0.549)	Loss 0.0664 (0.0807)	Loss_h 3.2738 (2.8604)	Prec@1 93.750 (97.483)	
Epoch: [6][240/596], lr: 0.0002500	Time 0.564 (0.548)	Loss 0.0201 (0.0810)	Loss_h 3.0032 (2.8616)	Prec@1 100.000 (97.536)	
Epoch: [6][260/596], lr: 0.0002500	Time 0.519 (0.547)	Loss 0.0007 (0.0795)	Loss_h 2.8756 (2.8607)	Prec@1 100.000 (97.534)	
Epoch: [6][280/596], lr: 0.0002500	Time 0.554 (0.546)	Loss 0.0279 (0.0818)	Loss_h 2.8410 (2.8550)	Prec@1 100.000 (97.509)	
Epoch: [6][300/596], lr: 0.0002500	Time 0.536 (0.546)	Loss 0.1423 (0.0809)	Loss_h 3.3220 (2.8608)	Prec@1 93.750 (97.488)	
Epoch: [6][320/596], lr: 0.0002500	Time 0.565 (0.546)	Loss 0.2407 (0.0828)	Loss_h 2.9582 (2.8615)	Prec@1 93.750 (97.430)	
Epoch: [6][340/596], lr: 0.0002500	Time 0.537 (0.545)	Loss 0.0401 (0.0829)	Loss_h 2.5667 (2.8533)	Prec@1 100.000 (97.452)	
Epoch: [6][360/596], lr: 0.0002500	Time 0.557 (0.545)	Loss 0.0331 (0.0830)	Loss_h 3.0823 (2.8548)	Prec@1 100.000 (97.386)	
Epoch: [6][380/596], lr: 0.0002500	Time 0.565 (0.544)	Loss 0.1831 (0.0842)	Loss_h 2.2388 (2.8593)	Prec@1 93.750 (97.326)	
Epoch: [6][400/596], lr: 0.0002500	Time 0.530 (0.544)	Loss 0.0026 (0.0826)	Loss_h 2.3540 (2.8540)	Prec@1 100.000 (97.366)	
Epoch: [6][420/596], lr: 0.0002500	Time 0.555 (0.544)	Loss 0.1601 (0.0827)	Loss_h 3.4176 (2.8577)	Prec@1 93.750 (97.357)	
Epoch: [6][440/596], lr: 0.0002500	Time 0.520 (0.544)	Loss 0.0244 (0.0817)	Loss_h 2.9706 (2.8596)	Prec@1 100.000 (97.392)	
Epoch: [6][460/596], lr: 0.0002500	Time 0.526 (0.543)	Loss 0.0292 (0.0823)	Loss_h 2.6633 (2.8640)	Prec@1 100.000 (97.383)	
Epoch: [6][480/596], lr: 0.0002500	Time 0.564 (0.543)	Loss 0.2033 (0.0826)	Loss_h 3.1230 (2.8585)	Prec@1 93.750 (97.388)	
Epoch: [6][500/596], lr: 0.0002500	Time 0.540 (0.543)	Loss 0.0021 (0.0826)	Loss_h 2.7509 (2.8570)	Prec@1 100.000 (97.380)	
Epoch: [6][520/596], lr: 0.0002500	Time 0.539 (0.543)	Loss 0.0062 (0.0818)	Loss_h 2.8502 (2.8588)	Prec@1 100.000 (97.397)	
Epoch: [6][540/596], lr: 0.0002500	Time 0.531 (0.542)	Loss 0.0993 (0.0831)	Loss_h 3.2537 (2.8561)	Prec@1 100.000 (97.354)	
Epoch: [6][560/596], lr: 0.0002500	Time 0.556 (0.542)	Loss 0.3107 (0.0831)	Loss_h 2.9668 (2.8605)	Prec@1 93.750 (97.382)	
Epoch: [6][580/596], lr: 0.0002500	Time 0.518 (0.542)	Loss 0.0046 (0.0820)	Loss_h 2.7061 (2.8640)	Prec@1 100.000 (97.407)	
Test: [0/237]	Time 3.601 (3.601)	Loss 0.0655 (0.0655)	Prec@1 100.000 (100.000)	Prec@5 100.000 (100.000)
Test: [20/237]	Time 0.308 (0.503)	Loss 0.0223 (0.1638)	Prec@1 100.000 (95.238)	Prec@5 100.000 (99.702)
Test: [40/237]	Time 0.264 (0.413)	Loss 0.0660 (0.1841)	Prec@1 100.000 (94.970)	Prec@5 100.000 (99.085)
Test: [60/237]	Time 0.281 (0.380)	Loss 0.1670 (0.1550)	Prec@1 93.750 (95.594)	Prec@5 100.000 (99.283)
Test: [80/237]	Time 0.281 (0.367)	Loss 0.0849 (0.1568)	Prec@1 100.000 (95.679)	Prec@5 100.000 (99.383)
Test: [100/237]	Time 0.294 (0.357)	Loss 0.0351 (0.1575)	Prec@1 100.000 (95.483)	Prec@5 100.000 (99.319)
Test: [120/237]	Time 0.292 (0.351)	Loss 0.2308 (0.1681)	Prec@1 87.500 (95.196)	Prec@5 100.000 (99.329)
Test: [140/237]	Time 0.302 (0.345)	Loss 0.0585 (0.1675)	Prec@1 100.000 (95.213)	Prec@5 100.000 (99.424)
Test: [160/237]	Time 0.285 (0.341)	Loss 0.3508 (0.1623)	Prec@1 87.500 (95.380)	Prec@5 100.000 (99.495)
Test: [180/237]	Time 0.285 (0.339)	Loss 0.4673 (0.1652)	Prec@1 87.500 (95.269)	Prec@5 100.000 (99.482)
Test: [200/237]	Time 0.288 (0.338)	Loss 0.0010 (0.1691)	Prec@1 100.000 (95.087)	Prec@5 100.000 (99.502)
Test: [220/237]	Time 0.283 (0.335)	Loss 0.0840 (0.1723)	Prec@1 100.000 (95.079)	Prec@5 100.000 (99.434)
Testing Results: Prec@1 95.057 Prec@5 99.392 Loss 0.17390
Best Prec@1: 95.057

Epoch: [7][0/596], lr: 0.0000250	Time 2.478 (2.478)	Loss 0.4124 (0.4124)	Loss_h 2.9514 (2.9514)	Prec@1 93.750 (93.750)	
Epoch: [7][20/596], lr: 0.0000250	Time 0.555 (0.638)	Loss 0.1024 (0.0950)	Loss_h 2.6768 (2.8209)	Prec@1 93.750 (97.321)	
Epoch: [7][40/596], lr: 0.0000250	Time 0.547 (0.589)	Loss 0.0033 (0.0763)	Loss_h 2.6048 (2.7170)	Prec@1 100.000 (97.866)	
Epoch: [7][60/596], lr: 0.0000250	Time 0.559 (0.574)	Loss 0.4589 (0.0850)	Loss_h 2.6741 (2.6959)	Prec@1 87.500 (97.541)	
Epoch: [7][80/596], lr: 0.0000250	Time 0.523 (0.564)	Loss 0.0003 (0.0805)	Loss_h 2.6153 (2.6947)	Prec@1 100.000 (97.454)	
Epoch: [7][100/596], lr: 0.0000250	Time 0.537 (0.560)	Loss 0.0556 (0.0860)	Loss_h 2.1626 (2.6701)	Prec@1 93.750 (97.401)	
Epoch: [7][120/596], lr: 0.0000250	Time 0.552 (0.556)	Loss 0.0002 (0.0824)	Loss_h 2.7350 (2.6496)	Prec@1 100.000 (97.521)	
Epoch: [7][140/596], lr: 0.0000250	Time 0.549 (0.553)	Loss 0.0120 (0.0770)	Loss_h 2.1716 (2.6403)	Prec@1 100.000 (97.651)	
Epoch: [7][160/596], lr: 0.0000250	Time 0.559 (0.551)	Loss 0.0040 (0.0743)	Loss_h 2.8988 (2.6583)	Prec@1 100.000 (97.826)	
Epoch: [7][180/596], lr: 0.0000250	Time 0.529 (0.550)	Loss 0.0010 (0.0723)	Loss_h 1.8968 (2.6583)	Prec@1 100.000 (97.859)	
Epoch: [7][200/596], lr: 0.0000250	Time 0.541 (0.549)	Loss 0.0469 (0.0698)	Loss_h 2.5671 (2.6610)	Prec@1 93.750 (97.886)	
Epoch: [7][220/596], lr: 0.0000250	Time 0.562 (0.548)	Loss 0.1025 (0.0662)	Loss_h 2.7642 (2.6665)	Prec@1 93.750 (97.964)	
Epoch: [7][240/596], lr: 0.0000250	Time 0.549 (0.547)	Loss 0.0638 (0.0649)	Loss_h 2.5729 (2.6534)	Prec@1 93.750 (98.003)	
Epoch: [7][260/596], lr: 0.0000250	Time 0.511 (0.546)	Loss 0.1015 (0.0630)	Loss_h 2.1421 (2.6424)	Prec@1 93.750 (98.060)	
Epoch: [7][280/596], lr: 0.0000250	Time 0.521 (0.546)	Loss 0.0014 (0.0618)	Loss_h 4.0282 (2.6456)	Prec@1 100.000 (98.087)	
Epoch: [7][300/596], lr: 0.0000250	Time 0.515 (0.545)	Loss 0.0020 (0.0609)	Loss_h 2.9093 (2.6540)	Prec@1 100.000 (98.131)	
Epoch: [7][320/596], lr: 0.0000250	Time 0.529 (0.545)	Loss 0.0067 (0.0606)	Loss_h 3.0017 (2.6474)	Prec@1 100.000 (98.131)	
Epoch: [7][340/596], lr: 0.0000250	Time 0.540 (0.545)	Loss 0.0097 (0.0597)	Loss_h 2.7123 (2.6519)	Prec@1 100.000 (98.130)	
Epoch: [7][360/596], lr: 0.0000250	Time 0.567 (0.545)	Loss 0.0100 (0.0578)	Loss_h 2.7764 (2.6487)	Prec@1 100.000 (98.199)	
Epoch: [7][380/596], lr: 0.0000250	Time 0.543 (0.544)	Loss 0.0075 (0.0563)	Loss_h 3.1033 (2.6494)	Prec@1 100.000 (98.245)	
Epoch: [7][400/596], lr: 0.0000250	Time 0.518 (0.544)	Loss 0.0370 (0.0561)	Loss_h 2.8595 (2.6448)	Prec@1 100.000 (98.270)	
Epoch: [7][420/596], lr: 0.0000250	Time 0.515 (0.544)	Loss 0.0111 (0.0554)	Loss_h 2.5897 (2.6363)	Prec@1 100.000 (98.263)	
Epoch: [7][440/596], lr: 0.0000250	Time 0.540 (0.544)	Loss 0.0013 (0.0546)	Loss_h 2.4170 (2.6323)	Prec@1 100.000 (98.257)	
Epoch: [7][460/596], lr: 0.0000250	Time 0.541 (0.543)	Loss 0.0153 (0.0549)	Loss_h 1.8423 (2.6338)	Prec@1 100.000 (98.292)	
Epoch: [7][480/596], lr: 0.0000250	Time 0.550 (0.543)	Loss 0.0001 (0.0542)	Loss_h 2.6670 (2.6347)	Prec@1 100.000 (98.324)	
Epoch: [7][500/596], lr: 0.0000250	Time 0.518 (0.543)	Loss 0.1541 (0.0544)	Loss_h 3.0688 (2.6378)	Prec@1 93.750 (98.303)	
Epoch: [7][520/596], lr: 0.0000250	Time 0.588 (0.543)	Loss 0.0226 (0.0555)	Loss_h 2.8279 (2.6393)	Prec@1 100.000 (98.285)	
Epoch: [7][540/596], lr: 0.0000250	Time 0.521 (0.542)	Loss 0.0495 (0.0564)	Loss_h 3.4409 (2.6365)	Prec@1 100.000 (98.256)	
Epoch: [7][560/596], lr: 0.0000250	Time 0.549 (0.542)	Loss 0.0028 (0.0557)	Loss_h 3.0845 (2.6372)	Prec@1 100.000 (98.295)	
Epoch: [7][580/596], lr: 0.0000250	Time 0.548 (0.542)	Loss 0.1012 (0.0549)	Loss_h 2.6813 (2.6333)	Prec@1 93.750 (98.322)	
Test: [0/237]	Time 3.682 (3.682)	Loss 0.0147 (0.0147)	Prec@1 100.000 (100.000)	Prec@5 100.000 (100.000)
Test: [20/237]	Time 0.341 (0.542)	Loss 0.0277 (0.1308)	Prec@1 100.000 (95.536)	Prec@5 100.000 (99.702)
Test: [40/237]	Time 0.311 (0.433)	Loss 0.0717 (0.1515)	Prec@1 93.750 (94.970)	Prec@5 100.000 (99.390)
Test: [60/237]	Time 0.334 (0.395)	Loss 0.0723 (0.1241)	Prec@1 93.750 (95.799)	Prec@5 100.000 (99.590)
Test: [80/237]	Time 0.317 (0.376)	Loss 0.0733 (0.1227)	Prec@1 93.750 (95.910)	Prec@5 100.000 (99.614)
Test: [100/237]	Time 0.318 (0.365)	Loss 0.0579 (0.1195)	Prec@1 93.750 (96.101)	Prec@5 100.000 (99.629)
Test: [120/237]	Time 0.346 (0.358)	Loss 0.1341 (0.1262)	Prec@1 93.750 (95.971)	Prec@5 100.000 (99.638)
Test: [140/237]	Time 0.311 (0.352)	Loss 0.0596 (0.1203)	Prec@1 100.000 (96.144)	Prec@5 100.000 (99.690)
Test: [160/237]	Time 0.324 (0.347)	Loss 0.3620 (0.1161)	Prec@1 87.500 (96.273)	Prec@5 100.000 (99.728)
Test: [180/237]	Time 0.304 (0.344)	Loss 0.4026 (0.1224)	Prec@1 93.750 (96.133)	Prec@5 100.000 (99.689)
Test: [200/237]	Time 0.333 (0.341)	Loss 0.0002 (0.1244)	Prec@1 100.000 (96.082)	Prec@5 100.000 (99.689)
Test: [220/237]	Time 0.316 (0.338)	Loss 0.2872 (0.1286)	Prec@1 93.750 (95.928)	Prec@5 100.000 (99.689)
Testing Results: Prec@1 95.823 Prec@5 99.683 Loss 0.13122
Best Prec@1: 95.823

Epoch: [8][0/596], lr: 0.0000250	Time 3.081 (3.081)	Loss 0.0159 (0.0159)	Loss_h 1.9382 (1.9382)	Prec@1 100.000 (100.000)	
Epoch: [8][20/596], lr: 0.0000250	Time 0.571 (0.659)	Loss 0.0636 (0.0357)	Loss_h 2.6377 (2.6062)	Prec@1 93.750 (98.512)	
Epoch: [8][40/596], lr: 0.0000250	Time 0.546 (0.600)	Loss 0.0275 (0.0250)	Loss_h 2.2788 (2.6281)	Prec@1 100.000 (99.238)	
Epoch: [8][60/596], lr: 0.0000250	Time 0.524 (0.580)	Loss 0.0054 (0.0262)	Loss_h 2.2241 (2.5913)	Prec@1 100.000 (99.180)	
Epoch: [8][80/596], lr: 0.0000250	Time 0.530 (0.571)	Loss 0.0461 (0.0287)	Loss_h 2.4709 (2.5975)	Prec@1 100.000 (99.151)	
Epoch: [8][100/596], lr: 0.0000250	Time 0.554 (0.565)	Loss 0.0224 (0.0332)	Loss_h 2.7216 (2.5714)	Prec@1 100.000 (99.072)	
Epoch: [8][120/596], lr: 0.0000250	Time 0.553 (0.561)	Loss 0.0005 (0.0321)	Loss_h 2.1321 (2.5589)	Prec@1 100.000 (99.070)	
Epoch: [8][140/596], lr: 0.0000250	Time 0.525 (0.559)	Loss 0.0052 (0.0347)	Loss_h 2.8797 (2.5572)	Prec@1 100.000 (99.025)	
Epoch: [8][160/596], lr: 0.0000250	Time 0.531 (0.557)	Loss 0.0006 (0.0352)	Loss_h 2.3447 (2.5471)	Prec@1 100.000 (99.068)	
Epoch: [8][180/596], lr: 0.0000250	Time 0.533 (0.555)	Loss 0.0129 (0.0343)	Loss_h 1.5403 (2.5354)	Prec@1 100.000 (99.068)	
Epoch: [8][200/596], lr: 0.0000250	Time 0.529 (0.553)	Loss 0.0260 (0.0341)	Loss_h 2.9359 (2.5389)	Prec@1 100.000 (99.067)	
Epoch: [8][220/596], lr: 0.0000250	Time 0.560 (0.553)	Loss 0.1229 (0.0353)	Loss_h 2.8002 (2.5354)	Prec@1 93.750 (99.010)	
Epoch: [8][240/596], lr: 0.0000250	Time 0.554 (0.552)	Loss 0.0016 (0.0392)	Loss_h 2.7251 (2.5381)	Prec@1 100.000 (98.859)	
Epoch: [8][260/596], lr: 0.0000250	Time 0.562 (0.551)	Loss 0.0013 (0.0394)	Loss_h 2.7117 (2.5376)	Prec@1 100.000 (98.827)	
Epoch: [8][280/596], lr: 0.0000250	Time 0.532 (0.550)	Loss 0.1209 (0.0418)	Loss_h 2.2747 (2.5393)	Prec@1 100.000 (98.799)	
Epoch: [8][300/596], lr: 0.0000250	Time 0.526 (0.549)	Loss 0.0836 (0.0418)	Loss_h 2.7196 (2.5491)	Prec@1 93.750 (98.775)	
Epoch: [8][320/596], lr: 0.0000250	Time 0.576 (0.549)	Loss 0.0008 (0.0408)	Loss_h 2.4074 (2.5537)	Prec@1 100.000 (98.793)	
Epoch: [8][340/596], lr: 0.0000250	Time 0.538 (0.549)	Loss 0.0030 (0.0406)	Loss_h 2.5356 (2.5547)	Prec@1 100.000 (98.790)	
Epoch: [8][360/596], lr: 0.0000250	Time 0.515 (0.548)	Loss 0.0049 (0.0405)	Loss_h 2.6889 (2.5610)	Prec@1 100.000 (98.805)	
Epoch: [8][380/596], lr: 0.0000250	Time 0.520 (0.548)	Loss 0.0011 (0.0407)	Loss_h 2.7794 (2.5584)	Prec@1 100.000 (98.802)	
Epoch: [8][400/596], lr: 0.0000250	Time 0.557 (0.547)	Loss 0.2365 (0.0421)	Loss_h 2.9330 (2.5589)	Prec@1 93.750 (98.769)	
Epoch: [8][420/596], lr: 0.0000250	Time 0.523 (0.547)	Loss 0.0094 (0.0429)	Loss_h 3.1416 (2.5605)	Prec@1 100.000 (98.753)	
Epoch: [8][440/596], lr: 0.0000250	Time 0.516 (0.547)	Loss 0.0431 (0.0414)	Loss_h 3.4996 (2.5663)	Prec@1 100.000 (98.795)	
Epoch: [8][460/596], lr: 0.0000250	Time 0.549 (0.546)	Loss 0.0586 (0.0415)	Loss_h 3.5243 (2.5654)	Prec@1 100.000 (98.807)	
Epoch: [8][480/596], lr: 0.0000250	Time 0.558 (0.546)	Loss 0.0003 (0.0412)	Loss_h 2.7981 (2.5660)	Prec@1 100.000 (98.831)	
Epoch: [8][500/596], lr: 0.0000250	Time 0.559 (0.546)	Loss 0.0128 (0.0404)	Loss_h 1.9326 (2.5624)	Prec@1 100.000 (98.840)	
Epoch: [8][520/596], lr: 0.0000250	Time 0.537 (0.546)	Loss 0.0009 (0.0413)	Loss_h 3.1266 (2.5645)	Prec@1 100.000 (98.824)	
Epoch: [8][540/596], lr: 0.0000250	Time 0.536 (0.546)	Loss 0.1210 (0.0407)	Loss_h 2.6908 (2.5603)	Prec@1 93.750 (98.833)	
Epoch: [8][560/596], lr: 0.0000250	Time 0.527 (0.545)	Loss 0.0030 (0.0401)	Loss_h 2.7140 (2.5571)	Prec@1 100.000 (98.841)	
Epoch: [8][580/596], lr: 0.0000250	Time 0.554 (0.545)	Loss 0.0011 (0.0407)	Loss_h 2.1674 (2.5533)	Prec@1 100.000 (98.827)	
Test: [0/237]	Time 3.284 (3.284)	Loss 0.0165 (0.0165)	Prec@1 100.000 (100.000)	Prec@5 100.000 (100.000)
Test: [20/237]	Time 0.342 (0.467)	Loss 0.0248 (0.1189)	Prec@1 100.000 (95.238)	Prec@5 100.000 (99.702)
Test: [40/237]	Time 0.314 (0.391)	Loss 0.0984 (0.1416)	Prec@1 93.750 (95.122)	Prec@5 100.000 (99.695)
Test: [60/237]	Time 0.325 (0.368)	Loss 0.0331 (0.1132)	Prec@1 100.000 (96.107)	Prec@5 100.000 (99.795)
Test: [80/237]	Time 0.334 (0.353)	Loss 0.0566 (0.1100)	Prec@1 100.000 (96.451)	Prec@5 100.000 (99.769)
Test: [100/237]	Time 0.357 (0.346)	Loss 0.0509 (0.1081)	Prec@1 93.750 (96.597)	Prec@5 100.000 (99.752)
Test: [120/237]	Time 0.306 (0.342)	Loss 0.0782 (0.1140)	Prec@1 100.000 (96.643)	Prec@5 100.000 (99.742)
Test: [140/237]	Time 0.315 (0.338)	Loss 0.0680 (0.1080)	Prec@1 100.000 (96.897)	Prec@5 100.000 (99.778)
Test: [160/237]	Time 0.309 (0.336)	Loss 0.4021 (0.1055)	Prec@1 93.750 (97.089)	Prec@5 100.000 (99.806)
Test: [180/237]	Time 0.331 (0.335)	Loss 0.2918 (0.1104)	Prec@1 93.750 (96.927)	Prec@5 100.000 (99.758)
Test: [200/237]	Time 0.312 (0.332)	Loss 0.0002 (0.1138)	Prec@1 100.000 (96.766)	Prec@5 100.000 (99.751)
Test: [220/237]	Time 0.320 (0.331)	Loss 0.2800 (0.1176)	Prec@1 93.750 (96.663)	Prec@5 100.000 (99.745)
Testing Results: Prec@1 96.590 Prec@5 99.736 Loss 0.12002
Best Prec@1: 96.590

Epoch: [9][0/596], lr: 0.0000250	Time 3.013 (3.013)	Loss 0.1024 (0.1024)	Loss_h 2.3117 (2.3117)	Prec@1 93.750 (93.750)	
